date,product_type,unit_cost,unit_price,quantity,revenue,total_cost,profit,profit_margin,roi
2025-04-13,定制工艺品,36.27583457478504,111.52389682165202,37,4126.384182401124,1342.2058792670464,2784.178303134078,0.6747259053116031,2.074330284303676
2025-07-22,艺术摆件,43.287150015382224,65.55445588787455,56,3671.049529720975,2424.0804008614045,1246.9691288595704,0.33967646548052666,0.5144091460070616
2025-01-02,艺术摆件,38.24805251124972,83.93719064230221,96,8057.970301661013,3671.813041079973,4386.15726058104,0.5443253196995412,1.1945480915038529
2025-08-24,装饰板,21.35454054689812,28.25916460958908,98,2769.39813173973,2092.744973596016,676.6531581437143,0.24433220720006849,0.3233328316068079
2025-07-07,定制工艺品,31.3864080863532,74.05349323244856,123,9108.579667591173,3860.5281946214436,5248.05147296973,0.576165732144012,1.3594128078850476
2025-05-11,艺术摆件,41.76835413997485,63.0403701267271,69,4349.78553874417,2882.016435658265,1467.7691030859046,0.3374348206393793,0.5092854728119064
2025-03-30,玻璃灯饰,44.45037060804637,85.22054109326962,44,3749.703808103863,1955.8163067540404,1793.8875013498227,0.4784077871625144,0.9172065368076607
2025-07-18,玻璃灯饰,36.04150002455523,81.78799312114367,106,8669.527270841229,3820.3990026028546,4849.1282682383735,0.5593301822289382,1.2692727290878887
2025-02-19,艺术摆件,32.7893143245529,61.73235012252499,65,4012.6027579641245,2131.3054310959383,1881.2973268681862,0.4688471399602737,0.882697195540296
2025-02-17,玻璃灯饰,29.62235836126177,87.4868636327862,82,7173.922817888468,2429.033385623465,4744.889432265003,0.6614079287880584,1.9534064292192188
2025-08-01,定制工艺品,29.519833651606852,77.9960052487875,68,5303.72835691755,2007.348688309266,3296.3796686082837,0.6215212105101272,1.6421559880484604
2025-02-10,艺术摆件,17.857111773142705,32.078176955835495,15,481.17265433753244,267.85667659714056,213.31597774039187,0.44332523017975833,0.7963810364944589
2025-05-09,艺术摆件,21.410475353619997,42.70961924771229,82,3502.188778312408,1755.6589789968398,1746.5297993155682,0.49869664654603935,0.9948001406933322
2025-01-05,装饰板,47.3680705867473,81.71083543987424,78,6373.445164310191,3694.7095057662896,2678.7356585439015,0.4202963373003031,0.7250192888948996
2025-01-12,定制工艺品,20.01205699335261,51.73777089934181,80,4139.021671947345,1600.9645594682088,2538.057112479136,0.6132021800419856,1.5853299796481444
2025-08-07,装饰板,36.24713601799961,62.50662425126597,93,5813.1160553677355,3370.9836496739636,2442.132405693772,0.42010728539278813,0.724456912133042
2025-01-05,艺术摆件,37.289284811921746,69.57856056663944,50,3478.9280283319717,1864.4642405960874,1614.4637877358844,0.4640693266971565,0.8659129805673959
2025-07-24,艺术摆件,31.42625941596723,59.53054009727586,58,3452.7713256419997,1822.7230461260995,1630.0482795159003,0.47209853354907977,0.8942929003834685
2025-05-12,艺术摆件,35.902108620037374,72.84127826083187,39,2840.809852172443,1400.1822361814577,1440.627615990985,0.5071186355149039,1.0288857969801337
2025-03-07,定制工艺品,27.600882896678073,77.8831287860874,47,3660.5070529461077,1297.2414961438694,2363.2655568022383,0.6456115293918632,1.8217622268692386
2025-04-18,定制工艺品,31.699778633112928,109.4717707869627,52,5692.53208092206,1648.3884889218723,4044.1435920001877,0.7104296531860965,2.4533922792953122
2025-08-13,玻璃灯饰,24.435332815150936,54.32176388101075,76,4128.454054956817,1857.0852939514712,2271.368761005346,0.5501741646557101,1.223082627601003
2025-01-03,定制工艺品,20.981314311306278,50.35083343108094,51,2567.892504985128,1070.0470298766202,1497.845475108508,0.5832975765927486,1.3997940588473148
2025-07-26,艺术摆件,21.396595199401006,38.14339615440498,39,1487.5924500217943,834.4672127766393,653.1252372451551,0.4390485023203676,0.7826853197406286
2025-03-03,艺术摆件,46.36195611952548,85.68032356676589,33,2827.4506777032743,1529.944551944341,1297.5061257589334,0.4588961130218165,0.8480739541246698
2025-03-22,玻璃灯饰,33.36199577045309,61.37475848030173,35,2148.1165468105605,1167.6698519658582,980.4466948447023,0.4564215551062307,0.839660879480658
2025-08-12,艺术摆件,33.115960686216546,61.020029886303185,88,5369.7626299946805,2914.204540387056,2455.5580896076244,0.45729360100412053,0.8426169321942942
2025-05-03,艺术摆件,30.835461393984765,67.48020649748706,78,5263.456106803991,2405.1659887308115,2858.2901180731797,0.5430443533818607,1.1883961986263902
2025-08-02,玻璃灯饰,29.958639872278432,65.45771310373435,102,6676.686736580904,3055.7812669724003,3620.9054696085036,0.5423207067316671,1.184936077966083
2025-05-27,艺术摆件,39.563315746211394,62.00851790006516,81,5022.689949905278,3204.628575443123,1818.061374462155,0.3619696602009928,0.5673235857639948
2025-08-21,艺术摆件,38.6780225820272,61.7403606012671,40,2469.6144240506837,1547.120903281088,922.4935207695958,0.3735374687585901,0.5962646609021951
2025-05-31,装饰板,33.09267365852811,45.91533890975524,51,2341.6822843975174,1687.7263565849337,653.9559278125837,0.27926757279151454,0.38747746354796814
2025-04-22,装饰板,31.022498627933324,41.773388459570974,23,960.7879345701324,713.5174684424665,247.27046612766594,0.2573621683106352,0.34655138390294965
2025-04-09,定制工艺品,44.97067448178371,122.6851549216538,89,10918.978788027189,4002.3900288787504,6916.588759148439,0.6334464873887816,1.728114628819942
2025-06-10,艺术摆件,25.361051185111915,53.99337191515025,67,3617.5559183150667,1699.1904294024982,1918.3654889125685,0.5302932510870701,1.1289879319689557
2025-04-03,定制工艺品,24.398935910514947,68.49180128683817,42,2876.655654047203,1024.7553082416277,1851.9003458055752,0.6437685175144663,1.8071634573752453
2025-07-08,艺术摆件,26.76483469385279,46.24374043224286,79,3653.255494147186,2114.4219408143704,1538.8335533328154,0.42122253858186287,0.7277797887114873
2025-05-15,玻璃灯饰,34.186052592629544,82.4081084155493,91,7499.137865814986,3110.9307859292885,4388.207079885698,0.5851615423540155,1.410576892206512
2025-08-02,艺术摆件,27.959199919526945,49.6322883895988,66,3275.731033713521,1845.3071946887783,1430.4238390247426,0.4366731652577555,0.7751684072667325
2025-08-14,定制工艺品,32.71743758867766,116.32690225487447,80,9306.152180389958,2617.395007094213,6688.757173295745,0.7187457333214881,2.5555016171294254
2025-03-02,玻璃灯饰,35.74866410878063,66.21812730419536,59,3906.8695109475266,2109.171182418057,1797.6983285294696,0.4601377966405325,0.8523245261053208
2025-02-15,装饰板,33.91909886374975,59.83869307360824,64,3829.6763567109274,2170.822327279984,1658.8540294309432,0.4331577592775047,0.7641592812938628
2025-02-15,定制工艺品,52.284145410929455,132.27930646215484,86,11376.020355745315,4496.436505339933,6879.583850405382,0.6047443337186835,1.530008005725254
2025-03-08,艺术摆件,30.272914358891,60.158966836520946,51,3068.1073086625684,1543.918632303441,1524.1886763591274,0.49678466983723035,0.9872208576724814
2025-04-14,装饰板,20.32395468031133,30.065701549056115,38,1142.4966588641323,772.3102778518306,370.1863810123017,0.3240152854191628,0.47932339064808194
2025-08-06,玻璃灯饰,42.036217927638404,93.79917032062662,34,3189.171790901305,1429.2314095397057,1759.9403813615993,0.5518487233527847,1.2313893814637062
2025-08-09,定制工艺品,24.085495299242496,74.68248969374481,30,2240.4746908123443,722.5648589772749,1517.9098318350693,0.6774947461177123,2.1007246795582244
2025-01-08,装饰板,44.57824788212895,65.48533818931105,72,4714.944349630396,3209.6338475132843,1505.3105021171114,0.31926368383014164,0.4689975784257681
2025-04-02,艺术摆件,34.45353600388203,59.59451782635047,63,3754.4546230600795,2170.5727682445677,1583.8818548155118,0.42186735860042546,0.7297068672323125
2025-02-18,定制工艺品,25.725226787741004,57.33404248220747,63,3612.0446763790706,1620.6892876276834,1991.3553887513872,0.5513097337288865,1.2287089227733923
2025-08-13,装饰板,40.11091112074319,61.31484558501642,50,3065.742279250821,2005.5455560371595,1060.1967232136615,0.3458205637144238,0.5286325808068644
2025-04-04,定制工艺品,37.17569941351195,139.65176926769345,70,9775.623848738542,2602.2989589458366,7173.324889792705,0.7337971469430423,2.7565337430325614
2025-05-04,玻璃灯饰,28.610718953745078,66.3833020969926,38,2522.5654796857184,1087.207320242313,1435.3581594434054,0.5690072947570162,1.32022488509689
2025-08-06,装饰板,48.715060576856494,73.29066248002594,81,5936.543660882101,3945.919906725376,1990.6237541567248,0.3353169567796864,0.504476472207135
2025-02-27,定制工艺品,37.25264531769669,80.79994171975989,66,5332.796153504152,2458.6745909679817,2874.1215625361706,0.5389520768851441,1.1689719221463248
2025-07-11,定制工艺品,34.013246920532595,83.19353740945252,116,9650.450339496492,3945.5366427817808,5704.9136967147115,0.5911551788797001,1.4459157811020837
2025-05-24,玻璃灯饰,17.552841784740963,33.528716586386174,52,1743.4932624920812,912.7477728065301,830.7454896855511,0.4764833381105907,0.9101588789761303
2025-07-09,定制工艺品,31.86776408980039,91.93558589544395,44,4045.1657793995337,1402.181619951217,2642.984159448317,0.6533685647465955,1.8849085752102985
2025-02-08,玻璃灯饰,29.740234763399222,55.24756299983403,60,3314.853779990042,1784.4140858039534,1530.4396941860884,0.461691463866224,0.8576707090364405
2025-03-10,艺术摆件,42.03992266881724,90.84726888936031,78,7086.086973370104,3279.1139681677446,3806.973005202359,0.5372461584946909,1.1609761179876172
2025-08-08,装饰板,41.15948260687588,61.49576405204347,44,2705.8136182899125,1811.0172347025389,894.7963835873736,0.330694020289871,0.49408496310326094
2025-06-28,玻璃灯饰,43.826792479859336,113.15121194374653,112,12672.935737699612,4908.600757744245,7764.334979955367,0.6126705871992961,1.5817817262293459
2025-02-12,玻璃灯饰,15.159813357476974,27.61915141455053,67,1850.4831447748854,1015.7074949509573,834.7756498239281,0.45111226880452354,0.8218661907818595
2025-03-22,装饰板,35.36726134720696,52.00091883612986,44,2288.040428789714,1556.1594992771063,731.8809295126077,0.31987237651204653,0.47031228473212
2025-04-25,艺术摆件,23.65879433820775,45.90421213102815,69,3167.3906370409427,1632.4568093363346,1534.9338277046081,0.48460515408310434,0.9402599927459191
2025-01-21,装饰板,41.77347925372769,66.18005816912213,74,4897.3243045150375,3091.2374647758493,1806.0868397391882,0.3687905328373057,0.5842601418749791
2025-08-15,玻璃灯饰,39.710053993613364,108.47577789939115,73,7918.731786655554,2898.8339415337755,5019.897845121779,0.6339269949237558,1.7316955528903966
2025-02-06,艺术摆件,31.607293358574577,52.68194000821733,54,2844.824760443736,1706.7938413630272,1138.0309190807088,0.40003550830427903,0.6667653066827858
2025-01-30,定制工艺品,43.796971288066175,112.82490831290288,54,6092.545048896755,2365.036449555573,3727.508599341182,0.6118146963913157,1.5760892818551013
2025-05-20,定制工艺品,45.38557050060822,168.93605824972846,81,13683.820718228006,3676.2312105492656,10007.58950767874,0.7313446817048534,2.7222415932276216
2025-08-11,装饰板,43.88269052923596,66.88699571810488,34,2274.157854415566,1492.0114779940227,782.1463764215432,0.3439279181534856,0.5242227609891595
2025-05-03,定制工艺品,35.47316444344619,78.19123616146756,29,2267.545848682559,1028.7217688599394,1238.8240798226198,0.5463281285105546,1.204236283631406
2025-06-30,艺术摆件,25.741496622241232,46.568204070165336,52,2421.5466116485977,1338.5578243565442,1082.9887872920535,0.44723020489568477,0.8090713509613641
2025-05-26,装饰板,48.03177971845616,83.25993698314981,80,6660.794958651985,3842.5423774764927,2818.2525811754927,0.4231105444125324,0.7334343526554207
2025-08-18,定制工艺品,22.00840996394368,76.57491954002316,48,3675.5961379211117,1056.4036782692967,2619.1924596518147,0.7125898388643996,2.479348106722641
2025-06-14,定制工艺品,31.248755999206857,112.01578893102604,65,7281.026280516692,2031.1691399484457,5249.857140568247,0.7210325767696165,2.5846479435491503
2025-05-25,定制工艺品,51.216017934993516,137.11896769536332,9,1234.07070925827,460.9441614149416,773.1265478433284,0.6264848051599985,1.6772672539556486
2025-03-31,装饰板,24.988902515456527,37.54835099291368,99,3717.2867482984548,2473.9013490301963,1243.3853992682584,0.3344873515171795,0.5026010433907087
2025-05-06,艺术摆件,13.13990000111071,25.681240916313232,72,1849.0493459745528,946.0728000799711,902.9765458945817,0.4883463753200499,0.9544472114812449
2025-07-09,装饰板,25.39931733044948,39.72923271896227,98,3893.4648064583025,2489.133098384049,1404.3317080742536,0.36068945730415025,0.5641850606486045
2025-04-27,装饰板,39.10877871567647,51.685378053311,61,3152.8080612519707,2385.6355016562648,767.1725595957059,0.24332992833412892,0.3215799559752881
2025-07-22,艺术摆件,39.05039377175694,60.63761479513015,84,5093.559642790932,3280.233076827583,1813.3265659633494,0.3560037956029051,0.5528041829628384
2025-02-16,装饰板,37.1990123832875,60.030986494413355,81,4862.509906047482,3013.120003046288,1849.3899030011944,0.38033648028174016,0.6137790400420318
2025-07-04,定制工艺品,43.179516263745995,117.0225012824157,64,7489.440082074605,2763.4890408797437,4725.951041194861,0.6310152680847343,1.7101392374946336
2025-06-01,装饰板,28.064713895786877,42.99090959880961,85,3654.227315898817,2385.5006811418843,1268.7266347569325,0.3471942287872884,0.5318492024699915
2025-08-08,艺术摆件,24.998903410412883,38.06385945390337,14,532.8940323546472,349.98464774578036,182.9093846088668,0.34323781747125753,0.5226211657767553
2025-07-20,装饰板,34.554316963155905,47.730170684953514,26,1240.9844378087914,898.4122410420536,342.5721967667379,0.27604874511691563,0.38130846967244575
2025-02-25,艺术摆件,37.33205190397271,66.7451760066566,105,7008.243480698944,3919.865449917135,3088.3780307818092,0.4406779015722496,0.7878785816097583
2025-04-28,艺术摆件,42.33493079717793,81.10913409900422,68,5515.421118732287,2878.7752942080992,2636.645824524188,0.4780497749427006,0.9158915007464947
2025-01-27,艺术摆件,22.271606972690634,35.494181706708666,57,2023.168357282394,1269.4815974433661,753.6867598390279,0.37252794960248,0.5936964831604432
2025-05-29,玻璃灯饰,31.283731164796045,93.84059481476733,60,5630.435688886039,1877.0238698877627,3753.4118189982764,0.6666290188532239,1.9996612079433562
2025-08-17,装饰板,39.383261248903516,55.94559309096756,61,3412.6811785490213,2402.3789361831145,1010.3022423659067,0.29604354743605427,0.42054241616481575
2025-07-20,艺术摆件,32.08485947157103,53.26246980599159,86,4580.572403315277,2759.2979145551085,1821.2744887601689,0.3976084926508282,0.6600499638524242
2025-04-02,玻璃灯饰,19.956545119444907,47.32600552319955,98,4637.948541273556,1955.741421705601,2682.2071195679546,0.578317567713124,1.371452836146817
2025-01-03,玻璃灯饰,38.22522441587482,94.53577976296556,53,5010.3963274371745,2025.9368940413653,2984.4594333958094,0.5956533651944386,1.4731255658424636
2025-04-22,玻璃灯饰,33.2356846268072,85.32376723580906,84,7167.196447807961,2791.7975086518045,4375.398939156156,0.6104756540466172,1.567233628369091
2025-03-16,定制工艺品,15.663266182167492,41.210955621074234,16,659.3752899371877,250.61225891467987,408.7630310225079,0.6199247033680119,1.6310576058518746
2025-04-01,艺术摆件,27.281462470822476,49.53324122045267,96,4755.191157163456,2619.0203971989577,2136.1707599644988,0.44922920853485876,0.8156373131912731
2025-03-20,定制工艺品,35.282336019632226,130.86702230189186,17,2224.7393791321615,599.7997123337478,1624.9396667984138,0.7303955160052407,2.7091371225837553
2025-08-04,装饰板,22.749305943082803,31.952887900189673,58,1853.267498211001,1319.4597446988025,533.8077535121986,0.2880359980561331,0.40456539553925736
2025-02-12,装饰板,16.469805135078506,22.465191683598135,32,718.8861338751403,527.0337643225122,191.85236955262815,0.2668744888963876,0.3640229194788862
2025-07-03,艺术摆件,35.91201012296646,78.33045928407569,72,5639.793068453449,2585.664728853585,3054.1283395998644,0.5415319857537558,1.1811772444890734
2025-03-02,玻璃灯饰,15.340449269700915,32.7412498409999,57,1866.2512409369942,874.4056083729522,991.845632564042,0.531464151668059,1.1343084068383504
2025-03-31,装饰板,33.01078362841065,48.22186824867311,34,1639.5435204548858,1122.366643365962,517.1768770889237,0.3154395541421399,0.46079138234001443
2025-01-26,定制工艺品,36.02371453894223,128.69261364574447,81,10424.101705305302,2917.9208776543205,7506.180827650982,0.7200793929160095,2.572441523392199
2025-04-23,装饰板,41.70260112523959,73.48085391437247,44,3233.1575722323887,1834.914449510542,1398.2431227218467,0.4324698352874914,0.7620208795537164
2025-01-14,玻璃灯饰,32.142401957014286,86.68693713624383,74,6414.833348082043,2378.537744819057,4036.295603262986,0.62921285468309,1.6969651257605078
2025-08-26,装饰板,33.87117297393148,50.030206438398885,67,3352.0238313727255,2269.368589253409,1082.6552421193164,0.32298554443031685,0.47707333539656294
2025-04-25,定制工艺品,21.903370671616265,44.59806973578048,33,1471.7363012807557,722.8112321633367,748.925069117419,0.508871778501134,1.0361281559999074
2025-08-06,玻璃灯饰,27.169561660355615,64.35827764726328,43,2767.4059388323208,1168.2911513952915,1599.1147874370292,0.5778388941781919,1.3687639297166674
2025-05-18,装饰板,33.918431875564195,53.2028672625296,98,5213.880991727901,3324.0063238052912,1889.8746679226101,0.36246985132974774,0.5685532709092741
2025-04-23,玻璃灯饰,29.909687120963987,86.12724341909151,73,6287.288769593681,2183.4071598303713,4103.88160976331,0.6527267571374052,1.8795768765740148
2025-03-05,定制工艺品,36.19294777444464,111.85049306899269,50,5592.524653449635,1809.647388722232,3782.8772647274027,0.6764167346842204,2.090394674842397
2025-07-17,装饰板,32.49781540364774,43.675237924027414,54,2358.4628478974805,1754.882031796978,603.5808161005025,0.2559212737391992,0.3439438122700721
2025-04-04,装饰板,26.894664327202648,42.01634250450675,66,2773.078605297446,1775.0478455953748,998.030759702071,0.35989991693546686,0.5622556947851274
2025-08-11,定制工艺品,45.642747920394655,91.7209281815576,58,5319.8138345303405,2647.27937938289,2672.5344551474504,0.5023736804097009,1.0095400115156896
2025-04-28,装饰板,23.665705378039036,41.762586163509276,111,4635.64706414953,2626.893296962333,2008.753767187197,0.43332758930726084,0.7646879945637931
2025-06-28,装饰板,39.366337800039354,65.17003686088255,100,6517.003686088255,3936.6337800039355,2580.369906084319,0.39594421460779505,0.6554762394183742
2025-07-31,定制工艺品,24.444332185991794,75.75582285434541,75,5681.686714075906,1833.3249139493846,3848.3618001265213,0.6773273490410031,2.099116076394939
2025-05-19,装饰板,39.32076504536732,58.376207064496754,18,1050.7717271609415,707.7737708166117,342.99795634432985,0.3264248051963379,0.4846152407549483
2025-01-10,装饰板,30.771799798338236,50.53608904733809,119,6013.794596633233,3661.84417600225,2351.9504206309825,0.39109257604968756,0.6422857739399169
2025-06-12,玻璃灯饰,38.57536483899758,114.10717490028937,44,5020.715695612732,1697.3160529158936,3323.3996426968383,0.6619374296777918,1.9580322927998144
2025-03-19,玻璃灯饰,45.50565965649227,102.61864368493713,64,6567.593195835976,2912.3622180155053,3655.230977820471,0.5565556313898952,1.2550743019565607
2025-03-01,玻璃灯饰,36.72766307991696,74.99615387795471,68,5099.73846370092,2497.481089434353,2602.257374266567,0.5102727115888387,1.0419527840572935
2025-01-30,装饰板,31.480778473020898,50.900618489854565,53,2697.732779962292,1668.4812590701076,1029.2515208921845,0.38152463747968807,0.6168792818600887
2025-02-11,定制工艺品,33.88168793365118,90.75210021428761,75,6806.407516071571,2541.1265950238385,4265.280921047733,0.6266567070773201,1.6784999729648336
2025-06-28,定制工艺品,34.59029511042147,105.13634717999038,29,3048.954068219721,1003.1185582022227,2045.8355100174986,0.6709958445559852,2.039475287631026
2025-07-13,定制工艺品,40.254071707001884,88.97826321755228,19,1690.5870011334935,764.8273624330358,925.7596387004577,0.547596567393314,1.2104164732750553
2025-05-14,定制工艺品,33.88454463033507,77.938361841512,59,4598.363348649208,1999.1881331897691,2599.1752154594387,0.5652391989038794,1.3001153679880897
2025-08-10,艺术摆件,41.117451209765576,70.64822865416185,86,6075.7476642579195,3536.1008040398397,2539.64686021808,0.41799742197296597,0.7182054474568839
2025-08-17,装饰板,29.54237643498745,48.95266432336061,101,4944.219096659422,2983.7800199337325,1960.4390767256891,0.3965113678012907,0.6570320411118072
2025-04-28,艺术摆件,36.370402369785566,57.80137331729829,59,3410.2810257205992,2145.8537398173485,1264.4272859032508,0.3707692346662471,0.5892420636323875
2025-07-03,定制工艺品,32.509539673361765,88.94997954408107,93,8272.34809759954,3023.387189622644,5248.960907976896,0.6345188628486309,1.7361193187538877
2025-01-26,装饰板,21.289197307619055,37.34604812212922,109,4070.7192453120847,2320.522506530477,1750.1967387816076,0.42994778890663277,0.7542252806668139
2025-02-07,艺术摆件,23.007619744694228,44.415408888602485,53,2354.0166710959315,1219.4038464687942,1134.6128246271373,0.481990139899438,0.9304651842068576
2025-04-14,装饰板,46.947708160973455,77.38510039400252,49,3791.8699193061234,2300.437699887699,1491.4322194184242,0.39332367701351484,0.6483254119384462
2025-04-30,艺术摆件,26.96644955056146,47.51770908110031,44,2090.7791995684133,1186.5237802247043,904.255419343709,0.43249685071018923,0.7621047588042954
2025-06-13,装饰板,34.12950816515047,53.22220446823315,47,2501.443610006958,1604.086883762072,897.356726244886,0.3587355408113277,0.559419028563036
2025-06-17,艺术摆件,34.897864263895556,57.3688037695068,71,4073.1850676349827,2477.7483627365846,1595.4367048983981,0.3916926627212542,0.6439058658629463
2025-02-04,定制工艺品,34.62103277360626,90.82560638672466,92,8355.955787578669,3185.135015171776,5170.8207724068925,0.6188185892622174,1.62342278985873
2025-07-29,玻璃灯饰,38.74507965532573,71.2683196055794,55,3919.7575783068673,2130.979381042915,1788.7781972639523,0.456349190359015,0.8394160042921264
2025-01-25,装饰板,34.898063980778296,51.690905913819776,67,3463.290696225925,2338.1702867121458,1125.1204095137791,0.3248703352392175,0.4811969495583166
2025-03-04,装饰板,20.257596679846497,31.55296602293472,59,1861.6249953531485,1195.1982041109434,666.4267912422051,0.3579812222685507,0.5575868412034064
2025-05-28,艺术摆件,28.956094137906632,53.61326540317687,70,3752.9285782223806,2026.9265896534644,1726.0019885689162,0.4599080298475751,0.8515365072318697
2025-01-01,装饰板,25.736336236872294,43.748966626088496,48,2099.9503980522477,1235.3441393698702,864.6062586823775,0.4117269910205116,0.6998910110371348
2025-02-18,装饰板,22.496958534086147,29.985168362587423,6,179.91101017552455,134.98175120451688,44.92925897100767,0.24973045800350874,0.33285431971417634
2025-03-19,定制工艺品,37.254518060330646,106.76989551192423,99,10570.2196556805,3688.197287972734,6882.022367707765,0.6510765709593674,1.8659583070976549
2025-05-12,玻璃灯饰,35.20842967693978,79.14753519047018,59,4669.70457623774,2077.297350939447,2592.4072252982933,0.5551544392101413,1.2479711795357034
2025-07-21,定制工艺品,43.752213320947185,164.59917723766546,90,14813.92595138989,3937.6991988852465,10876.226752504645,0.7341893558934796,2.7620765841087302
2025-03-08,艺术摆件,24.128067259874065,37.950458097728834,5,189.75229048864418,120.64033629937032,69.11195418927386,0.3642219759840522,0.5728760073892017
2025-08-27,定制工艺品,39.837436958569704,131.36249722686563,91,11953.987247644773,3625.206763229843,8328.780484414929,0.696736604437645,2.2974635733589115
2025-05-24,装饰板,29.411974124705452,42.54659309069362,70,2978.2615163485534,2058.8381887293817,919.4233276191717,0.30871141522401124,0.44657386513050673
2025-06-25,装饰板,27.683083069581762,47.72740825068425,94,4486.3763755643195,2602.2098085406856,1884.166567023634,0.41997514459241814,0.724064047733442
2025-05-09,装饰板,33.88780940628832,50.4876242086683,83,4190.472809319469,2812.6881807219306,1377.7846285975384,0.32878977893219885,0.4898462040836334
2025-08-03,艺术摆件,25.630529374522617,52.32944599633609,83,4343.344017695896,2127.333938085377,2216.0100796105185,0.5102082797452667,1.0416841662409384
2025-04-09,装饰板,41.772738116266225,72.44370221091975,50,3622.1851105459878,2088.6369058133114,1533.5482047326764,0.4233765414881069,0.7342339879489563
2025-04-30,定制工艺品,38.57976673569948,110.82427885311151,102,11304.076443017373,3935.136207041347,7368.940235976026,0.6518834398477449,1.872601060870623
2025-07-13,艺术摆件,27.564918638575367,57.457726790244465,62,3562.3790609951566,1709.0249555916728,1853.3541054034838,0.5202574104749387,1.0844511657595097
2025-01-04,装饰板,32.19860352827427,52.856967652059296,63,3329.9889620797358,2028.5120222812789,1301.476939798457,0.39083521135326016,0.6415919282227407
2025-02-11,定制工艺品,30.75945432126535,97.58611286554088,92,8977.92238362976,2829.869797556412,6148.052586073349,0.6847968074755955,2.172556699033356
2025-05-02,装饰板,27.123120552812814,38.836020501998064,82,3184.5536811638412,2224.0958853306506,960.4577958331906,0.30159887129997365,0.4318419013173085
2025-04-08,装饰板,33.340116973535046,58.58545268516354,37,2167.6617493510507,1233.5843280207966,934.0774213302541,0.4309147502417736,0.7572059729624797
2025-06-03,装饰板,33.27604278400044,49.146575152443205,63,3096.234234603922,2096.3906953920277,999.843539211894,0.32292244819126115,0.4769356882806246
2025-01-29,玻璃灯饰,25.062341111091495,66.73738250027803,54,3603.8186550150135,1353.3664199989407,2250.452235016073,0.6244632292705353,1.6628550862210947
2025-02-08,艺术摆件,40.02459369355413,86.76774992865981,58,5032.529495862269,2321.4264342261395,2711.1030616361295,0.5387157817684308,1.1678608555777434
2025-02-05,艺术摆件,31.182203128546266,65.24830773366516,32,2087.945847477285,997.8305001134805,1090.1153473638046,0.5220994350408621,1.0924854945201903
2025-04-19,定制工艺品,26.34047630912652,69.00916938154049,33,2277.3025895908363,869.2357182011751,1408.0668713896612,0.6183046898667292,1.6198907176796196
2025-03-02,定制工艺品,32.442880736429714,112.71903131868643,15,1690.7854697802966,486.6432110464457,1204.142258733851,0.7121792091638445,2.47438417181356
2025-08-17,玻璃灯饰,23.61715621183149,45.43261850618007,84,3816.339954519126,1983.841121793845,1832.4988327252809,0.4801718019264306,0.9237124952164938
2025-02-18,艺术摆件,30.58680928618978,49.84405184017109,45,2242.982332807699,1376.4064178785402,866.5759149291589,0.3863498620804582,0.6295930501870336
2025-03-03,装饰板,46.88696671561037,78.7475009431611,80,6299.8000754528875,3750.9573372488294,2548.842738204058,0.4045910517280699,0.679517922769425
2025-07-19,装饰板,23.796497058886033,42.68696560027586,94,4012.574766425931,2236.870723535287,1775.704042890644,0.44253481773058495,0.7938340039983235
2025-04-19,装饰板,29.61338589090164,53.29452207020517,28,1492.2466179657447,829.1748049452459,663.0718130204988,0.4443446579389198,0.7996767497829175
2025-05-15,装饰板,23.14765963272988,40.79076177073204,125,5098.845221341505,2893.457454091235,2205.38776725027,0.4325269098225408,0.7621980976882651
2025-02-28,定制工艺品,44.56323603113721,156.87100959864637,83,13020.293796687649,3698.7485905843882,9321.545206103261,0.7159243371662362,2.520188917363127
2025-01-17,艺术摆件,33.73074504120252,61.9547205888936,47,2911.871867677999,1585.3450169365183,1326.5268507414808,0.45555811210858227,0.8367433186908605
2025-05-11,艺术摆件,35.96785646524954,55.597293937339515,70,3891.810575613766,2517.749952567468,1374.0606230462981,0.3530646202711444,0.5457494385592596
2025-04-03,装饰板,39.16427627907656,59.27154972652622,11,651.9870469917884,430.8070390698422,221.18000792194618,0.3392398805197918,0.513408528327432
2025-04-18,艺术摆件,22.95914943218368,34.7805534557095,62,2156.3943142539893,1423.467264795388,732.9270494586012,0.33988544887819344,0.5148885875952712
2025-06-09,玻璃灯饰,29.72968802042736,55.3929672455561,86,4763.795183117824,2556.753169756753,2207.0420133610714,0.46329490007935215,0.8632206031726745
2025-08-09,玻璃灯饰,22.79382421245233,48.460225653646795,39,1889.948800492225,888.9591442856408,1000.9896562065842,0.5296385044641859,1.126024365282805
2025-04-13,装饰板,30.990443752524456,47.528660890948906,54,2566.547688111241,1673.4839626363207,893.0637254749201,0.3479630359536154,0.5336553832688264
2025-04-30,装饰板,21.812718142074665,28.81561702531649,11,316.97178727848143,239.93989956282132,77.0318877156601,0.24302442932557375,0.3210465948181808
2025-03-29,定制工艺品,33.939317388059195,83.7000847154056,29,2427.3024567467623,984.2402042537167,1443.0622524930457,0.5945127474666412,1.4661687728832649
2025-05-04,玻璃灯饰,40.403291127830066,95.38739522923359,31,2957.009252106241,1252.502024962732,1704.507227143509,0.5764294534856155,1.3608818134998435
2025-02-21,装饰板,24.76667549835554,35.051894374072056,69,2418.580711810972,1708.9006093865323,709.6801024244396,0.2934283313179361,0.41528459790250954
2025-08-25,玻璃灯饰,16.072200474864605,29.63839652933715,72,2133.964550112275,1157.1984341902516,976.7661159220233,0.45772368424331716,0.8440783249119365
2025-08-03,定制工艺品,51.42486605862449,118.94630393606684,89,10586.221050309949,4576.81307921758,6009.407971092369,0.5676631861863892,1.3130114485950768
2025-08-22,定制工艺品,37.15135928170588,134.31646954663023,115,15446.393997862477,4272.406317396176,11173.9876804663,0.7234042898305322,2.615385066483167
2025-05-05,艺术摆件,34.97142398176534,54.69673345821941,43,2351.9595387034346,1503.7712312159097,848.188307487525,0.3606304842961312,0.5640407861784285
2025-04-15,玻璃灯饰,26.075723993836384,48.32488754497752,72,3479.3919032383815,1877.4521275562197,1601.9397756821618,0.46040797364366604,0.853251996239884
2025-05-19,定制工艺品,20.68040532432323,51.03007500748874,54,2755.624050404392,1116.7418875134545,1638.8821628909377,0.594740840155764,1.4675568107685872
2025-05-13,艺术摆件,27.634712732068564,43.56966744860114,82,3572.7127307852934,2266.0464440296223,1306.666286755671,0.3657350549055932,0.5766282020381176
2025-03-08,装饰板,32.13155529428992,46.06103869662057,60,2763.662321797234,1927.893317657395,835.7690041398391,0.30241357547485437,0.43351413508471076
2025-01-06,装饰板,35.42173393911526,48.834893613743716,48,2344.0748934596986,1700.2432290775328,643.8316643821659,0.2746634359587006,0.378670329851263
2025-02-14,装饰板,40.03512605361131,67.11321664336515,36,2416.0757991611454,1441.264537930007,974.8112612311384,0.4034688239373906,0.676358319778821
2025-01-07,装饰板,46.58880919865081,81.04289869040804,65,5267.788414876522,3028.2725979123024,2239.51581696422,0.42513397285276394,0.739535740114066
2025-03-23,艺术摆件,43.7339975134748,65.79649205866195,56,3684.6035552850694,2449.103860754589,1235.4996945304806,0.3353141460112641,0.5044701102017835
2025-08-12,艺术摆件,21.26100948446537,33.61558436310353,54,1815.2415556075905,1148.0945121611298,667.1470434464607,0.3675252152450619,0.5810906997461804
2025-07-30,定制工艺品,42.73050467127419,111.75607568075884,64,7152.388843568566,2734.752298961548,4417.636544607018,0.6176449073485931,1.615369898869635
2025-03-01,装饰板,31.962996121365734,44.32873578644024,72,3191.6689766236973,2301.335720738333,890.3332558853645,0.278955387418404,0.3868767376537834
2025-05-25,艺术摆件,32.62298069567086,49.979040083738724,44,2199.0777636845037,1435.4111506095178,763.6666130749859,0.3472667614061452,0.532019423668759
2025-02-19,装饰板,44.393482755668124,72.08555226806244,17,1225.4543885570615,754.6892068463582,470.76518171070336,0.3841556128947535,0.6237868217009537
2025-01-29,定制工艺品,19.20517977339872,65.04282287076285,94,6114.025349851708,1805.2868986994795,4308.738451152229,0.7047302234781763,2.3867333520540277
2025-02-27,定制工艺品,16.09108749359549,59.53294532631904,92,5477.030970021351,1480.3800494107852,3996.6509206105657,0.7297112144310159,2.6997465429240934
2025-03-16,艺术摆件,21.67687057354874,42.446734276958985,62,2631.697525171457,1343.965975560022,1287.7315496114352,0.4893159404888442,0.9581578499967947
2025-01-27,艺术摆件,41.99071371225529,84.48065698842659,13,1098.2485408495456,545.8792782593188,552.3692625902269,0.5029546974521304,1.01188904688158
2025-02-27,装饰板,33.35644940587895,43.882645457910456,45,1974.7190456059705,1501.0402232645527,473.6788223414178,0.23987150141455327,0.31556704144225567
2025-01-25,玻璃灯饰,37.16998374042306,91.13631620293408,49,4465.6794939437705,1821.32920328073,2644.35029066304,0.5921495920719868,1.4518793669479497
2025-04-03,艺术摆件,45.32019385945623,92.12311915004798,47,4329.786600052255,2130.049111394443,2199.7374886578123,0.508047553343914,1.032716793660099
2025-05-11,定制工艺品,39.263634334895855,146.90568391475563,55,8079.812615311559,2159.499888419272,5920.312726892287,0.732728963995163,2.7415202745048
2025-08-10,装饰板,20.196911723538253,30.601410327301018,26,795.6366685098264,525.1197048119946,270.5169636978319,0.3400006239085132,0.5151529474497314
2025-06-15,定制工艺品,22.663919695513943,58.62398676614719,23,1348.3516956213855,521.2701529968207,827.0815426245648,0.6134019375734205,1.5866658351137348
2025-03-05,艺术摆件,19.458400107284923,34.53370782299212,109,3764.1741527061413,2120.965611694057,1643.2085410120844,0.43653892576430037,0.7747454894846794
2025-04-20,艺术摆件,46.866849883833446,95.13696295956024,83,7896.3679256435,3889.948540358176,4006.4193852853236,0.5073749631491276,1.0299414873278563
2025-02-10,定制工艺品,30.307839661135404,87.83207921682931,81,7114.398416563175,2454.9350125519677,4659.463404011207,0.6549342799193557,1.897998676212441
2025-03-27,艺术摆件,26.365637050898393,56.91988406704678,61,3472.1129280898535,1608.303860104802,1863.8090679850516,0.5367939080859351,1.158866252962671
2025-08-21,装饰板,17.6469971588135,26.44334827015581,40,1057.7339308062324,705.8798863525401,351.85404445369227,0.33264891501164184,0.498461638100798
2025-07-13,玻璃灯饰,39.471619868771725,109.95723115666816,62,6817.348331713426,2447.240431863847,4370.10789984958,0.6410275208500643,1.7857288736118397
2025-04-14,定制工艺品,33.278032585976305,122.63560812015025,53,6499.687230367963,1763.7357270567443,4735.951503311218,0.7286429847245288,2.685182043238641
2025-04-13,定制工艺品,35.70638412023203,132.30039536779415,91,12039.335978469268,3249.280954941115,8790.055023528152,0.7301112818221854,2.705230832735869
2025-04-21,艺术摆件,36.26121664505216,68.29128101700091,73,4985.263514241066,2647.0688150888077,2338.1946991522586,0.46902128492764633,0.8833146633076154
2025-02-27,艺术摆件,33.0815821544556,53.4201268442329,102,5448.852938111755,3374.3213797544713,2074.5315583572838,0.3807281242345644,0.614799636692648
2025-01-12,艺术摆件,25.300173781832918,41.83256705564631,48,2007.9632186710228,1214.4083415279802,793.5548771430426,0.39520389106940895,0.6534497911506308
2025-02-24,定制工艺品,38.75634822028552,107.76511127528747,72,7759.088011820698,2790.4570718605573,4968.6309399601405,0.6403627504148176,1.7805796011215003
2025-02-28,玻璃灯饰,32.45225860153576,61.22566720933836,10,612.2566720933836,324.5225860153576,287.734086078026,0.46995663615102223,0.8866380907750111
2025-07-10,定制工艺品,27.623863347123635,103.02057388377787,88,9065.810501772452,2430.89997454688,6634.910527225572,0.7318607118390996,2.729404992676558
2025-02-06,玻璃灯饰,31.706711925615842,58.59815815933048,53,3105.7023824445155,1680.4557320576396,1425.246650386876,0.4589128238569519,0.8481310296949792
2025-06-26,装饰板,28.908733352899485,43.2982746498653,97,4199.932641036934,2804.14713523125,1395.785505805684,0.33233521227642215,0.49775758492450767
2025-06-13,装饰板,27.932059708801958,49.05377134438641,101,4954.430905783028,2821.138030588998,2133.29287519403,0.43058282893883076,0.7561816728083455
2025-01-12,装饰板,32.407962932339544,45.951122532425806,48,2205.6538815564386,1555.582220752298,650.0716608041405,0.29472967913959913,0.4178960469796049
2025-08-10,装饰板,26.050446100549642,36.22284510671468,94,3404.9474400311797,2448.7419334516662,956.2055065795134,0.28082827221872103,0.390488476354745
2025-03-10,装饰板,17.98320326770693,27.019949926774263,98,2647.9550928238777,1762.3539202352792,885.6011725885985,0.3344472022915466,0.5025103995401606
2025-03-25,玻璃灯饰,27.815641335426424,82.42594496083294,105,8654.724220887458,2920.6423402197747,5734.081880667683,0.6625377925767933,1.9632947868023447
2025-03-07,定制工艺品,33.03729372772612,101.67838877048605,24,2440.2813304916654,792.895049465427,1647.3862810262385,0.6750804755344847,2.0776851641801937
2025-01-31,装饰板,16.757089991101342,26.13916640392338,46,1202.4016545804755,770.8261395906617,431.57551498981377,0.3589279117720383,0.559886974278009
2025-01-10,装饰板,29.73788530645524,47.400469899160946,27,1279.8126872773455,802.9229032742915,476.88978400305405,0.3726246729258344,0.5939421855551937
2025-04-17,装饰板,39.16781898820367,67.45032235487284,22,1483.9070918072025,861.6920177404808,622.2150740667217,0.4193086464119166,0.7220852244845986
2025-02-13,装饰板,36.91838673781546,57.9601290515339,51,2955.9665816282286,1882.8377236285885,1073.12885799964,0.3630382240006688,0.5699529197511061
2025-01-26,玻璃灯饰,16.179853347023457,47.255689018302775,48,2268.273072878533,776.632960657126,1491.6401122214072,0.6576104658900057,1.9206500210334856
2025-03-10,装饰板,26.821627264909115,40.197291000131244,109,4381.504719014306,2923.5573718750934,1457.9473471392125,0.3327503770136764,0.4986894942322008
2025-05-06,装饰板,47.25402950632075,72.17438363612818,54,3897.416716350922,2551.7175933413205,1345.6991230096014,0.345279763737852,0.5273699278169296
2025-08-27,定制工艺品,30.418583189437197,67.72194792593545,61,4131.038823482063,1855.533574555669,2275.505248926394,0.5508312427352994,1.226334721251968
2025-01-08,玻璃灯饰,37.50268488734522,87.475022369145,63,5510.926409256134,2362.6691479027486,3148.2572613533857,0.5712755038908853,1.3325002631654854
2025-01-05,艺术摆件,39.676204863866325,86.69417010736437,57,4941.56769611977,2261.5436772403805,2680.024018879389,0.5423428724823105,1.1850419011803717
2025-07-29,定制工艺品,40.71446427779456,83.65587569735047,59,4935.696666143677,2402.153392389879,2533.543273753798,0.5133101657426787,1.0546967074543063
2025-03-13,艺术摆件,45.49198018598939,98.19956842659597,72,7070.36892671491,3275.4225733912363,3794.946353323674,0.5367395100112423,1.1586127494366458
2025-04-15,定制工艺品,31.10027046322001,64.89947433310384,84,5451.555843980723,2612.422718910481,2839.133125070242,0.5207931838770469,1.086781669949001
2025-03-14,定制工艺品,49.61954370461571,107.32047619000578,44,4722.100952360254,2183.259923003091,2538.8410293571633,0.537650731098447,1.1628670515166915
2025-04-08,玻璃灯饰,29.06837803375612,80.50240594082217,51,4105.622702981931,1482.4872797215621,2623.135423260369,0.6389129282033574,1.7694151303295103
2025-03-23,艺术摆件,40.882656346754565,72.07492022101628,84,6054.293298565368,3434.1431331273834,2620.1501654379845,0.43277555880202534,0.7629705763172087
2025-08-01,玻璃灯饰,25.274952367069197,66.58839488705847,26,1731.2982670635201,657.1487615437991,1074.149505519721,0.6204300702856946,1.6345606480278345
2025-03-01,艺术摆件,34.92264516441707,63.248179743441845,61,3858.1389643499524,2130.2813550294413,1727.857609320511,0.44784742729235344,0.8110936169258409
2025-07-19,装饰板,36.95976439780528,55.06609019567736,54,2973.5688705665775,1995.8272774814852,977.7415930850923,0.3288108114001057,0.48989289008961473
2025-01-26,艺术摆件,50.83092533308913,105.2015334077443,19,1998.8291347471416,965.7875813286934,1033.041553418448,0.5168233419557051,1.0696364018237108
2025-08-16,定制工艺品,41.369113258955196,136.2128332916201,64,8717.621330663686,2647.6232485731325,6069.998082090553,0.6962906338612938,2.29262153720769
2025-05-03,定制工艺品,36.59043897982823,132.24098306817945,30,3967.2294920453833,1097.7131693948468,2869.5163226505365,0.7233048474770994,2.61408572171222
2025-03-09,装饰板,34.911705156002476,53.866522502973844,98,5278.919205291437,3421.347105288243,1857.572100003194,0.3518849271535009,0.5429358795931629
2025-08-28,玻璃灯饰,39.332278509601494,95.92010965803993,39,3740.8842766635576,1533.9588618744583,2206.9254147890992,0.5899475235190716,1.4387122560068482
2025-06-07,装饰板,32.26401518494359,43.909487123555024,64,2810.2071759075216,2064.8969718363896,745.3102040711319,0.2652153942459574,0.36094304666847365
2025-07-22,玻璃灯饰,32.47672359106454,65.65176674111025,83,5449.09663951215,2695.568058058357,2753.5285814537933,0.5053183607513176,1.0215021554444392
2025-07-08,装饰板,33.66717805349158,57.33507881107302,43,2465.4083888761397,1447.688656300138,1017.7197325760017,0.41279965508673017,0.702996274887579
2025-05-09,艺术摆件,25.864234700225047,38.84313554683121,66,2563.64694609086,1707.0394902148532,856.607455876007,0.33413628080972396,0.5018088103914876
2025-08-08,艺术摆件,23.0801576980609,41.26085787816334,116,4786.259513866948,2677.2982929750647,2108.961220891883,0.44062826405081335,0.7877199288646933
2025-05-05,装饰板,45.139254283685325,64.45084285002339,86,5542.772485102012,3881.975868396938,1660.796616705074,0.2996328319751533,0.4278224989046364
2025-04-10,玻璃灯饰,28.867104954342757,73.57160404043779,37,2722.1493494961983,1068.082883310682,1654.0664661855162,0.6076325189474422,1.5486311896118874
2025-08-13,玻璃灯饰,22.54995393162763,64.11203446553593,121,7757.556170329847,2728.5444257269432,5029.0117446029035,0.6482726820383529,1.8431115495812629
2025-05-30,定制工艺品,25.196923174509863,75.18901322316725,12,902.268158678007,302.36307809411835,599.9050805838887,0.6648855717826314,1.9840553428853263
2025-05-18,定制工艺品,24.45933923195183,55.16055283813417,76,4192.202015698197,1858.909781628339,2333.292234069858,0.5565791498912906,1.255193908348783
2025-05-26,定制工艺品,31.089666010656117,100.92902764239405,21,2119.509580490275,652.8829862237785,1466.6265942664963,0.6919650695455896,2.2463850723838648
2025-08-19,装饰板,34.47569047288084,50.63146673871158,64,3240.413871277541,2206.444190264374,1033.9696810131672,0.3190856853743569,0.46861356637771023
2025-02-05,定制工艺品,26.130359608674244,67.47038658688362,66,4453.045514734319,1724.6037341725,2728.441780561819,0.6127136521587081,1.5820688118079373
2025-05-03,艺术摆件,29.896206086031178,62.25299487743918,46,2863.6377643622022,1375.2254799574341,1488.4122844047681,0.5197627657128875,1.0823041792759958
2025-06-09,装饰板,40.05021021058853,62.73780896614057,65,4077.957582799137,2603.2636636882544,1474.6939191108827,0.3616256150704351,0.5664788932756678
2025-05-05,定制工艺品,21.97229324263884,58.9133774173397,11,648.0471515907367,241.69522566902725,406.35192592170944,0.6270406789448157,1.6812575622745642
2025-05-30,装饰板,36.925641824593406,60.74277109980222,44,2672.681928391298,1624.72824028211,1047.9536881091879,0.39209816812730763,0.6450024454103329
2025-02-24,玻璃灯饰,26.206237481217354,70.95066239213126,92,6527.460940076076,2410.9738482719968,4116.48709180408,0.6306413978719423,1.7073959946742954
2025-07-31,定制工艺品,25.908801637467178,97.2485919005826,29,2820.2091651168953,751.3552474865481,2068.853917630347,0.7335817297596062,2.7534963315304277
2025-04-28,定制工艺品,49.1467393669959,172.78322227668346,117,20215.637006371966,5750.168505938521,14465.468500433446,0.7155583816564342,2.515659929877559
2025-07-29,玻璃灯饰,44.60109876123858,107.40863891456941,69,7411.196085105289,3077.4758145254623,4333.720270579826,0.5847531519628195,1.4082061181845789
2025-08-14,艺术摆件,14.363598122726518,24.98076984791087,21,524.5961668061283,301.6355605772569,222.96060622887137,0.42501379220193486,0.7391721513278445
2025-07-20,装饰板,34.880536189993904,61.78017930938004,30,1853.405379281401,1046.4160856998171,806.989293581584,0.43540895186916334,0.7711935095511167
2025-07-29,艺术摆件,38.589782408901016,84.6856869484467,50,4234.2843474223355,1929.4891204450507,2304.795226977285,0.544317537007252,1.1945106103763192
2025-08-27,装饰板,31.716244135138933,51.924309448342036,71,3686.6259708322846,2251.853333594864,1434.7726372374204,0.3891831307512623,0.6371519032045244
2025-08-22,玻璃灯饰,47.21837585709139,102.25682146966007,55,5624.125180831304,2597.010672140026,3027.1145086912775,0.5382373989484777,1.1656149669176488
2025-03-07,玻璃灯饰,25.157059539419194,62.58195198635522,41,2565.860031440564,1031.439441116187,1534.420590324377,0.5980141439994681,1.4876497147170187
2025-01-10,定制工艺品,36.88010675017553,135.01670414347794,121,16337.02120136083,4462.492916771239,11874.528284589593,0.7268478223925225,2.6609629429241104
2025-02-23,艺术摆件,40.70692750213096,84.5743627229183,52,4397.866861591751,2116.76023011081,2281.1066314809414,0.5186847858907953,1.0776405371908977
2025-05-21,定制工艺品,17.998926578399434,40.376979762669116,61,2462.995765522816,1097.9345212823655,1365.0612442404504,0.5542280110054071,1.2432993204786804
2025-02-01,定制工艺品,29.84158909187552,106.74304626953567,73,7792.242377676103,2178.4360037069127,5613.806373969191,0.7204352870300997,2.576989346676476
2025-08-09,玻璃灯饰,22.99173491494571,58.47960526550736,35,2046.7861842927575,804.7107220230998,1242.0754622696577,0.6068418244179433,1.5435055458773954
2025-01-05,艺术摆件,32.874637619031795,72.2060651879835,70,5054.424563158845,2301.2246333322255,2753.199929826619,0.5447108558893917,1.1964064220188375
2025-06-08,定制工艺品,40.74272472714008,91.91757782213756,50,4595.878891106878,2037.136236357004,2558.7426547498735,0.5567471892484144,1.2560488636369527
2025-04-25,装饰板,29.28788172128786,47.346637674588635,42,1988.5587823327228,1230.0910322940902,758.4677500386326,0.38141580564638644,0.6165948130067321
2025-02-09,定制工艺品,38.38420344095768,119.87434735304777,5,599.3717367652389,191.92101720478837,407.4507195604505,0.6797963510248737,2.1230125053249496
2025-03-04,定制工艺品,38.246700698969384,100.88046283497377,83,8373.078415302823,3174.476158014459,5198.602257288365,0.6208710822279275,1.6376252328005942
2025-06-04,艺术摆件,37.44593704222461,76.33404539283515,59,4503.708678177274,2209.3102854912518,2294.3983926860224,0.5094464488352749,1.038513425548938
2025-08-07,艺术摆件,35.46674138980458,70.10648274814486,55,3855.856551147967,1950.670776439252,1905.185774708715,0.49410182911018885,0.9766823790667715
2025-04-30,艺术摆件,23.590748587201922,39.36920894237108,59,2322.7833275998937,1391.8541666449134,930.9291609549803,0.40078174743784606,0.6688410203196788
2025-08-15,装饰板,29.267564071464385,41.940701424537295,74,3103.61190541576,2165.7997412883647,937.8121641273951,0.3021679877213146,0.43300963900269046
